index,facility_name,source_facility_type,odhf_facility_type,provider,unit,street_no,street_name,postal_code,city,province,source_format_str_address,CSDname,CSDuid,Pruid,latitude,longitude,province_normalized,city_normalized,facility_name_normalized,source_record_id,InsideVancouverCSD2016,CMNTY_HLTH_SERV_AREA_CODE,CMNTY_HLTH_SERV_AREA_NAME,SpatialAssignmentStatus,coord_key,canonical_key,CanonicalFacilityID
349,3381 worthington,,Nursing and residential care facilities,Province of British Columbia,,3381,worthington dr,V5M3X8,vancouver,bc,3381 worthington dr vancouver bc v5m 3x8,Vancouver,5915022,59,49.2551157,-123.0327623,BC,vancouver,3381 worthington,349,True,3233,Renfrew-Collingwood,Assigned by point-in-polygon,49.2551|-123.0328,3381 worthington|49.2551|-123.0328,FAC-0001
351,38th avenue group home,,Nursing and residential care facilities,Province of British Columbia,,461,e 38 ave,V5W1H8,vancouver,bc,461 e 38th ave vancouver bc v5w 1h8,Vancouver,5915022,59,49.2364595,-123.0949445,BC,vancouver,38th avenue group home,351,True,3253,South Cambie/Riley Park,Assigned by point-in-polygon,49.2365|-123.0949,38th avenue group home|49.2365|-123.0949,FAC-0002
352,47th avenue residence,,Nursing and residential care facilities,Province of British Columbia,,1759,e 47 ave,V5P1P6,vancouver,bc,1759 e 47th ave vancouver bc v5p 1p6,Vancouver,5915022,59,49.2279307,-123.070041,BC,vancouver,47th avenue residence,352,True,3264,Victoria-Fraserview,Assigned by point-in-polygon,49.2279|-123.07,47th avenue residence|49.2279|-123.07,FAC-0003
357,6655a and 6655b arlington street,,Nursing and residential care facilities,Province of British Columbia,,6655,arlington st,V5S3P1,vancouver,bc,6655 arlington st vancouver bc v5s 3p1,Vancouver,5915022,59,49.222888,-123.029207,BC,vancouver,6655a and 6655b arlington street,357,True,3261,Killarney,Assigned by point-in-polygon,49.2229|-123.0292,6655a and 6655b arlington street|49.2229|-123.0292,FAC-0004
358,6699 arlington,,Nursing and residential care facilities,Province of British Columbia,,6699,arlington st,V5S3P1,vancouver,bc,6699 arlington st vancouver bc v5s 3p1,Vancouver,5915022,59,49.222641,-123.029465,BC,vancouver,6699 arlington,358,True,3261,Killarney,Assigned by point-in-polygon,49.2226|-123.0295,6699 arlington|49.2226|-123.0295,FAC-0005
375,adanac park lodge,,Nursing and residential care facilities,Province of British Columbia,,851,boundary rd,V5K4T2,vancouver,bc,851 boundary rd vancouver bc v5k 4t2,Vancouver,5915022,59,49.2770771,-123.0245958,BC,vancouver,adanac park lodge,375,True,3232,Hastings-Sunrise,Assigned by point-in-polygon,49.2771|-123.0246,adanac park lodge|49.2771|-123.0246,FAC-0006
382,alder house,,Nursing and residential care facilities,Province of British Columbia,,4349,victoria dr,V5N4M9,vancouver,bc,4349 victoria dr vancouver bc v5n 4m9,Vancouver,5915022,59,49.2461756,-123.0655383,BC,vancouver,alder house,382,True,3231,Cedar Cottage,Assigned by point-in-polygon,49.2462|-123.0655,alder house|49.2462|-123.0655,FAC-0007
400,ananda house,,Nursing and residential care facilities,Province of British Columbia,,1249,e 8 ave,V5T1V3,vancouver,bc,1249 e 8th ave vancouver bc v5t 1v3,Vancouver,5915022,59,49.263484,-123.079,BC,vancouver,ananda house,400,True,3252,Mount Pleasant,Assigned by point-in-polygon,49.2635|-123.079,ananda house|49.2635|-123.079,FAC-0008
406,aquarius medical clinic,,Ambulatory health care services,Province of British Columbia,,202-179,davie street,V6Z2Y1,vancouver,bc,202-179 davie street vancouver bc v6z 2y1,Vancouver,5915022,59,49.273776,-123.120741,BC,vancouver,aquarius medical clinic,406,True,3211,Downtown Vancouver,Assigned by point-in-polygon,49.2738|-123.1207,aquarius medical clinic|49.2738|-123.1207,FAC-0009
431,banfield pavilion - vancouver general hospital,,Nursing and residential care facilities,Province of British Columbia,,2785,ash st,V5Z1M9,vancouver,bc,2785 ash st vancouver bc v5z 1m9,Vancouver,5915022,59,49.2611939,-123.1187682,BC,vancouver,banfield pavilion vancouver general hospital,431,True,3213,Fairview,Assigned by point-in-polygon,49.2612|-123.1188,banfield pavilion vancouver general hospital|49.2612|-123.1188,FAC-0010
433,banyan house,,Nursing and residential care facilities,Province of British Columbia,,4134,rupert st,V5R2H4,vancouver,bc,4134 rupert st vancouver bc v5r 2h4,Vancouver,5915022,59,49.24762,-123.0333789,BC,vancouver,banyan house,433,True,3233,Renfrew-Collingwood,Assigned by point-in-polygon,49.2476|-123.0334,banyan house|49.2476|-123.0334,FAC-0011
445,bc children's hospital,,Hospitals,Province of British Columbia,,4480,oak street,V6H3N1,vancouver,bc,4480 oak street vancouver bc v6h 3n1,Vancouver,5915022,59,49.244569,-123.125683,BC,vancouver,bc children s hospital,445,True,3253,South Cambie/Riley Park,Assigned by point-in-polygon,49.2446|-123.1257,bc children s hospital|49.2446|-123.1257,FAC-0012
446,bc women's hospital and health centre,,Hospitals,Province of British Columbia,,4500,oak street,V6H3N1,vancouver,bc,4500 oak street vancouver bc v6h 3n1,Vancouver,5915022,59,49.243637,-123.125393,BC,vancouver,bc women s hospital and health centre,446,True,3253,South Cambie/Riley Park,Assigned by point-in-polygon,49.2436|-123.1254,bc women s hospital and health centre|49.2436|-123.1254,FAC-0013
460,berman house,,Nursing and residential care facilities,Province of British Columbia,,1400,lakewood dr,V5L4M8,vancouver,bc,1400 lakewood dr vancouver bc v5l 4m8,Vancouver,5915022,59,49.271922,-123.062,BC,vancouver,berman house,460,True,3223,Grandview-Woodland,Assigned by point-in-polygon,49.2719|-123.062,berman house|49.2719|-123.062,FAC-0014
483,birchwood house,,Nursing and residential care facilities,Province of British Columbia,,4002,maple crescent,V6J4B2,vancouver,bc,4002 maple crescent vancouver bc v6j 4b2,Vancouver,5915022,59,49.250434,-123.151,BC,vancouver,birchwood house,483,True,3241,Shaughnessy/Arbutus Ridge/Kerrisdale,Assigned by point-in-polygon,49.2504|-123.151,birchwood house|49.2504|-123.151,FAC-0015
486,blenheim lodge,,Nursing and residential care facilities,Province of British Columbia,,3263,blenheim st,V6L2X7,vancouver,bc,3263 blenheim st vancouver bc v6l 2x7,Vancouver,5915022,59,49.2572761,-123.1791189,BC,vancouver,blenheim lodge,486,True,3242,West Point Grey/Dunbar-Southlands,Assigned by point-in-polygon,49.2573|-123.1791,blenheim lodge|49.2573|-123.1791,FAC-0016
501,bridge house,,Nursing and residential care facilities,Province of British Columbia,,1435,e 19 ave,V5N2H9,vancouver,bc,1435 e 19th ave vancouver bc v5n 2h9,Vancouver,5915022,59,49.253717,-123.075,BC,vancouver,bridge house,501,True,3231,Cedar Cottage,Assigned by point-in-polygon,49.2537|-123.075,bridge house|49.2537|-123.075,FAC-0017
503,britannia lodge,,Nursing and residential care facilities,Province of British Columbia,,1090,victoria dr,V5L4G2,vancouver,bc,1090 victoria dr vancouver bc v5l 4g2,Vancouver,5915022,59,49.2751821,-123.0652695,BC,vancouver,britannia lodge,503,True,3223,Grandview-Woodland,Assigned by point-in-polygon,49.2752|-123.0653,britannia lodge|49.2752|-123.0653,FAC-0018
504,british columbia children's hospital,pediatric,Hospitals,Public Health Agency of Canada,,4480,oak st,V6H3V4,vancouver,bc,4480 oak st. vancouver bc v6h 3v4,Vancouver,5915022,59,49.244268,-123.125479,BC,vancouver,british columbia children s hospital,504,True,3253,South Cambie/Riley Park,Assigned by point-in-polygon,49.2443|-123.1255,british columbia children s hospital|49.2443|-123.1255,FAC-0019
505,broadway house,,Nursing and residential care facilities,Province of British Columbia,,4755,victoria dr,V5N4P2,vancouver,bc,4755 victoria dr vancouver bc v5n 4p2,Vancouver,5915022,59,49.2421167,-123.0656713,BC,vancouver,broadway house,505,True,3251,Kensington,Assigned by point-in-polygon,49.2421|-123.0657,broadway house|49.2421|-123.0657,FAC-0020
506,broadway pentecostal lodge,,Nursing and residential care facilities,Province of British Columbia,,1377,lameys mill rd,V6H3S9,vancouver,bc,1377 lamey's mill rd vancouver bc v6h 3s9,Vancouver,5915022,59,49.2674372,-123.1343725,BC,vancouver,broadway pentecostal lodge,506,True,3213,Fairview,Assigned by point-in-polygon,49.2674|-123.1344,broadway pentecostal lodge|49.2674|-123.1344,FAC-0021
507,broadway station medical clinic,,Ambulatory health care services,Province of British Columbia,,2516,commercial drive,V5N4C2,vancouver,bc,2516 commercial drive vancouver bc v5n 4c2,Vancouver,5915022,59,49.26194,-123.069626,BC,vancouver,broadway station medical clinic,507,True,3231,Cedar Cottage,Assigned by point-in-polygon,49.2619|-123.0696,broadway station medical clinic|49.2619|-123.0696,FAC-0022
530,byron house,,Nursing and residential care facilities,Province of British Columbia,,551,e 16 ave,V5T2V1,vancouver,bc,551 e 16th ave vancouver bc v5t 2v1,Vancouver,5915022,59,49.256752,-123.093,BC,vancouver,byron house,530,True,3252,Mount Pleasant,Assigned by point-in-polygon,49.2568|-123.093,byron house|49.2568|-123.093,FAC-0023
535,camille house,,Nursing and residential care facilities,Province of British Columbia,,5,w 15 ave,V5Y1X7,vancouver,bc,5 w 15th ave vancouver bc v5y 1x7,Vancouver,5915022,59,49.2577746,-123.1054368,BC,vancouver,camille house,535,True,3252,Mount Pleasant,Assigned by point-in-polygon,49.2578|-123.1054,camille house|49.2578|-123.1054,FAC-0024
549,care point medical and wellness clinics,,Ambulatory health care services,Province of British Columbia,,1623,commercial drive,V5L3Y3,vancouver,bc,1623 commercial drive vancouver bc v5l 3y3,Vancouver,5915022,59,49.270184,-123.069821,BC,vancouver,care point medical and wellness clinics,549,True,3223,Grandview-Woodland,Assigned by point-in-polygon,49.2702|-123.0698,care point medical and wellness clinics|49.2702|-123.0698,FAC-0025
561,carolina house,,Nursing and residential care facilities,Province of British Columbia,,4096,carolina st,V5V4B7,vancouver,bc,4096 carolina st vancouver bc v5v 4b7,Vancouver,5915022,59,49.2488302,-123.0917117,BC,vancouver,carolina house,561,True,3253,South Cambie/Riley Park,Assigned by point-in-polygon,49.2488|-123.0917,carolina house|49.2488|-123.0917,FAC-0026
578,central city lodge,,Nursing and residential care facilities,Province of British Columbia,,415,w pender st,V6B1V2,vancouver,bc,415 w pender st vancouver bc v6b 1v2,Vancouver,5915022,59,49.2831332,-123.1119351,BC,vancouver,central city lodge,578,True,3221,Downtown Eastside,Assigned by point-in-polygon,49.2831|-123.1119,central city lodge|49.2831|-123.1119,FAC-0027
584,champlain house,,Nursing and residential care facilities,Province of British Columbia,,2810,e 51 ave,V5S1R3,vancouver,bc,2810 e 51st ave vancouver bc v5s 1r3,Vancouver,5915022,59,49.222657,-123.048,BC,vancouver,champlain house,584,True,3261,Killarney,Assigned by point-in-polygon,49.2227|-123.048,champlain house|49.2227|-123.048,FAC-0028
587,charles street group home,,Nursing and residential care facilities,Province of British Columbia,,3363,charles st,V5K3C3,vancouver,bc,3363 charles st vancouver bc v5k 3c3,Vancouver,5915022,59,49.2735362,-123.0314326,BC,vancouver,charles street group home,587,True,3232,Hastings-Sunrise,Assigned by point-in-polygon,49.2735|-123.0314,charles street group home|49.2735|-123.0314,FAC-0029
597,chester house,,Nursing and residential care facilities,Province of British Columbia,,5328,chester st,V5W3A9,vancouver,bc,5328 chester st vancouver bc v5w 3a9,Vancouver,5915022,59,49.2366929,-123.0889024,BC,vancouver,chester house,597,True,3251,Kensington,Assigned by point-in-polygon,49.2367|-123.0889,chester house|49.2367|-123.0889,FAC-0030
603,children's and women's health centre of british columbia,,Hospitals,Canadian Institute for Health Information,,4480,oak street,V6H0B3,vancouver,bc,4480 oak street vancouver bc v6h 0b3 canada,Vancouver,5915022,59,49.246128,-123.127523,BC,vancouver,children s and women s health centre of british columbia,603,True,3253,South Cambie/Riley Park,Assigned by point-in-polygon,49.2461|-123.1275,children s and women s health centre of british columbia|49.2461|-123.1275,FAC-0031
622,coal harbour health centre,,Ambulatory health care services,Province of British Columbia,,622,bute street,V6E3M1,vancouver,bc,622 bute street vancouver bc v6e 3m1,Vancouver,5915022,59,49.288023,-123.123848,BC,vancouver,coal harbour health centre,622,True,3211,Downtown Vancouver,Assigned by point-in-polygon,49.288|-123.1238,coal harbour health centre|49.288|-123.1238,FAC-0032
623,coast magnolia house,,Nursing and residential care facilities,Province of British Columbia,,755,e 19 ave,V5V1K4,vancouver,bc,755 e 19th ave vancouver bc v5v 1k4,Vancouver,5915022,59,49.2539535,-123.0886298,BC,vancouver,coast magnolia house,623,True,3251,Kensington,Assigned by point-in-polygon,49.254|-123.0886,coast magnolia house|49.254|-123.0886,FAC-0033
625,coast west,,Nursing and residential care facilities,Province of British Columbia,,3436,w 3 ave,V6R1L5,vancouver,bc,3436 w 3rd ave vancouver bc v6r 1l5,Vancouver,5915022,59,49.269211,-123.181,BC,vancouver,coast west,625,True,3244,Kitsilano,Assigned by point-in-polygon,49.2692|-123.181,coast west|49.2692|-123.181,FAC-0034
629,collingwood house,,Nursing and residential care facilities,Province of British Columbia,,3626,monmouth ave,V5R5S3,vancouver,bc,3626 monmouth ave vancouver bc v5r 5s3,Vancouver,5915022,59,49.2393253,-123.026247,BC,vancouver,collingwood house,629,True,3233,Renfrew-Collingwood,Assigned by point-in-polygon,49.2393|-123.0262,collingwood house|49.2393|-123.0262,FAC-0035
633,columbus residence,,Nursing and residential care facilities,Province of British Columbia,,704,w 69 ave,V6P2W3,vancouver,bc,704 w 69th ave vancouver bc v6p 2w3,Vancouver,5915022,59,49.208775,-123.121,BC,vancouver,columbus residence,633,True,3262,Oakridge/Marpole,Assigned by point-in-polygon,49.2088|-123.121,columbus residence|49.2088|-123.121,FAC-0036
636,commercial drive medical clinic,,Ambulatory health care services,Province of British Columbia,,1515,commercial drive,V5L3Y1,vancouver,bc,1515 commercial drive vancouver bc v5l 3y1,Vancouver,5915022,59,49.271111,-123.069667,BC,vancouver,commercial drive medical clinic,636,True,3223,Grandview-Woodland,Assigned by point-in-polygon,49.2711|-123.0697,commercial drive medical clinic|49.2711|-123.0697,FAC-0037
653,cottage hospice,,Nursing and residential care facilities,Province of British Columbia,,650,n penticton st,V5K3L8,vancouver,bc,650 n penticton st vancouver bc v5k 3l8,Vancouver,5915022,59,49.29107,-123.06,BC,vancouver,cottage hospice,653,True,3223,Grandview-Woodland,Assigned to nearest polygon edge within 25 m tolerance,49.2911|-123.06,cottage hospice|49.2911|-123.06,FAC-0038
674,crofton manor,,Nursing and residential care facilities,Province of British Columbia,,2803,w 41 ave,V6N4B4,vancouver,bc,2803 w 41st ave vancouver bc v6n 4b4,Vancouver,5915022,59,49.23535,-123.168,BC,vancouver,crofton manor,674,True,3241,Shaughnessy/Arbutus Ridge/Kerrisdale,Assigned by point-in-polygon,49.2353|-123.168,crofton manor|49.2353|-123.168,FAC-0039
675,cross roads clinics,,Ambulatory health care services,Province of British Columbia,,350-507,west broadway,V5Z1E6,vancouver,bc,350-507 west broadway vancouver bc v5z 1e6,Vancouver,5915022,59,49.263314,-123.115352,BC,vancouver,cross roads clinics,675,True,3213,Fairview,Assigned by point-in-polygon,49.2633|-123.1154,cross roads clinics|49.2633|-123.1154,FAC-0040
676,crossroads,,Nursing and residential care facilities,Province of British Columbia,,2046,dunbar st,V6R3M4,vancouver,bc,2046 dunbar st vancouver bc v6r 3m4,Vancouver,5915022,59,49.2679436,-123.1833749,BC,vancouver,crossroads,676,True,3244,Kitsilano,Assigned by point-in-polygon,49.2679|-123.1834,crossroads|49.2679|-123.1834,FAC-0041
698,denman medical centre,,Ambulatory health care services,Province of British Columbia,,1175,denman street,V6G2N1,vancouver,bc,1175 denman street vancouver bc v6g 2n1,Vancouver,5915022,59,49.287963,-123.141131,BC,vancouver,denman medical centre,698,True,3212,West End,Assigned by point-in-polygon,49.288|-123.1411,denman medical centre|49.288|-123.1411,FAC-0042
704,doc-side medical,,Ambulatory health care services,Province of British Columbia,,100-678,east hastings street,V6A2S5,vancouver,bc,100-678 east hastings street vancouver bc v6a 2s5,Vancouver,5915022,59,49.28098,-123.0901,BC,vancouver,doc side medical,704,True,3221,Downtown Eastside,Assigned by point-in-polygon,49.281|-123.0901,doc side medical|49.281|-123.0901,FAC-0043
706,dogwood lodge,,Nursing and residential care facilities,Province of British Columbia,,500,w 57 ave,V6P6E8,vancouver,bc,500 w 57th ave vancouver bc v6p 6e8,Vancouver,5915022,59,49.218578,-123.118,BC,vancouver,dogwood lodge,706,True,3262,Oakridge/Marpole,Assigned by point-in-polygon,49.2186|-123.118,dogwood lodge|49.2186|-123.118,FAC-0044
707,doman house,,Nursing and residential care facilities,Province of British Columbia,,6985,doman st,V5S3H9,vancouver,bc,6985 doman st vancouver bc v5s 3h9,Vancouver,5915022,59,49.2203849,-123.0371915,BC,vancouver,doman house,707,True,3261,Killarney,Assigned by point-in-polygon,49.2204|-123.0372,doman house|49.2204|-123.0372,FAC-0045
715,dr. peter aids foundation (residence),,Nursing and residential care facilities,Province of British Columbia,,1110,comox st,V6E1K5,vancouver,bc,1110 comox st vancouver bc v6e 1k5,Vancouver,5915022,59,49.281727,-123.13,BC,vancouver,dr peter aids foundation residence,715,True,3212,West End,Assigned by point-in-polygon,49.2817|-123.13,dr peter aids foundation residence|49.2817|-123.13,FAC-0046
718,duke house,,Nursing and residential care facilities,Province of British Columbia,,2707,duke st,V5R4S8,vancouver,bc,2707 duke st vancouver bc v5r 4s8,Vancouver,5915022,59,49.2393317,-123.0497683,BC,vancouver,duke house,718,True,3233,Renfrew-Collingwood,Assigned by point-in-polygon,49.2393|-123.0498,duke house|49.2393|-123.0498,FAC-0047
728,east 36th house,,Nursing and residential care facilities,Province of British Columbia,,325,e 36 ave,V5W1C5,vancouver,bc,325 e 36th ave vancouver bc v5w 1c5,Vancouver,5915022,59,49.2383527,-123.0986843,BC,vancouver,east 36th house,728,True,3253,South Cambie/Riley Park,Assigned by point-in-polygon,49.2384|-123.0987,east 36th house|49.2384|-123.0987,FAC-0048
729,east 45th group home,,Nursing and residential care facilities,Province of British Columbia,,2639,e 45 ave,V5R3B9,vancouver,bc,2639 e 45th ave vancouver bc v5r 3b9,Vancouver,5915022,59,49.2296873,-123.0525228,BC,vancouver,east 45th group home,729,True,3264,Victoria-Fraserview,Assigned by point-in-polygon,49.2297|-123.0525,east 45th group home|49.2297|-123.0525,FAC-0049
730,east 61st community house,,Nursing and residential care facilities,Province of British Columbia,,648,e 61 ave,V5X2B9,vancouver,bc,648 e 61st ave vancouver bc v5x 2b9,Vancouver,5915022,59,49.2146808,-123.0920388,BC,vancouver,east 61st community house,730,True,3263,Sunset,Assigned by point-in-polygon,49.2147|-123.092,east 61st community house|49.2147|-123.092,FAC-0050
752,emerald place,,Nursing and residential care facilities,Province of British Columbia,,15,renfrew st,V5K4A5,vancouver,bc,15 renfrew st vancouver bc v5k 4a5,Vancouver,5915022,59,49.2845069,-123.0445436,BC,vancouver,emerald place,752,True,3232,Hastings-Sunrise,Assigned by point-in-polygon,49.2845|-123.0445,emerald place|49.2845|-123.0445,FAC-0051
753,emerge addiction recovery program,,Nursing and residential care facilities,Province of British Columbia,,415,w pender st,V6B1V2,vancouver,bc,415 w pender st vancouver bc v6b 1v2,Vancouver,5915022,59,49.2831332,-123.1119351,BC,vancouver,emerge addiction recovery program,753,True,3221,Downtown Eastside,Assigned by point-in-polygon,49.2831|-123.1119,emerge addiction recovery program|49.2831|-123.1119,FAC-0052
767,fair haven homes vancouver lodge,,Nursing and residential care facilities,Province of British Columbia,,2720,e 48 ave,V5S1G7,vancouver,bc,2720 e 48th ave vancouver bc v5s 1g7,Vancouver,5915022,59,49.2253678,-123.0513694,BC,vancouver,fair haven homes vancouver lodge,767,True,3264,Victoria-Fraserview,Assigned by point-in-polygon,49.2254|-123.0514,fair haven homes vancouver lodge|49.2254|-123.0514,FAC-0053
772,false creek residence,,Nursing and residential care facilities,Province of British Columbia,,1167,forge walk,V6H3R1,vancouver,bc,1167 forge walk vancouver bc v6h 3r1,Vancouver,5915022,59,49.26734,-123.129,BC,vancouver,false creek residence,772,True,3213,Fairview,Assigned by point-in-polygon,49.2673|-123.129,false creek residence|49.2673|-123.129,FAC-0054
780,finnish home,,Nursing and residential care facilities,Province of British Columbia,,2288,harrison dr,V5P2P6,vancouver,bc,2288 harrison dr vancouver bc v5p 2p6,Vancouver,5915022,59,49.2082288,-123.0607454,BC,vancouver,finnish home,780,True,3264,Victoria-Fraserview,Assigned by point-in-polygon,49.2082|-123.0607,finnish home|49.2082|-123.0607,FAC-0055
784,firstcare medical centre,,Ambulatory health care services,Province of British Columbia,,2590,commercial drive,V5N4C2,vancouver,bc,2590 commercial drive vancouver bc v5n 4c2,Vancouver,5915022,59,49.261542,-123.069778,BC,vancouver,firstcare medical centre,784,True,3231,Cedar Cottage,Assigned by point-in-polygon,49.2615|-123.0698,firstcare medical centre|49.2615|-123.0698,FAC-0056
803,fourth and alma,,Nursing and residential care facilities,Province of British Columbia,,3625,w 4 ave,V6R1P2,vancouver,bc,3625 w 4th ave vancouver bc v6r 1p2,Vancouver,5915022,59,49.268865,-123.1845142,BC,vancouver,fourth and alma,803,True,3244,Kitsilano,Assigned by point-in-polygon,49.2689|-123.1845,fourth and alma|49.2689|-123.1845,FAC-0057
817,g.f. strong rehabilitation centre,rehabilitation,Nursing and residential care facilities,Public Health Agency of Canada,,4255,laurel st,V5Z2G9,vancouver,bc,4255 laurel st. vancouver bc v5z 2g9,Vancouver,5915022,59,49.246789,-123.125415,BC,vancouver,g f strong rehabilitation centre,817,True,3253,South Cambie/Riley Park,Assigned by point-in-polygon,49.2468|-123.1254,g f strong rehabilitation centre|49.2468|-123.1254,FAC-0058
831,george pearson centre,rehabilitation,Nursing and residential care facilities,Public Health Agency of Canada,,700,west 57 ave,V6P1S1,vancouver,bc,700 west 57th ave. vancouver bc v6p 1s1,Vancouver,5915022,59,49.21877,-123.121144,BC,vancouver,george pearson centre,831,True,3262,Oakridge/Marpole,Assigned by point-in-polygon,49.2188|-123.1211,george pearson centre|49.2188|-123.1211,FAC-0059
833,georgia medical clinic,,Ambulatory health care services,Province of British Columbia,,683,denman street,V6G2L3,vancouver,bc,683 denman street vancouver bc v6g 2l3,Vancouver,5915022,59,49.292361,-123.134202,BC,vancouver,georgia medical clinic,833,True,3212,West End,Assigned by point-in-polygon,49.2924|-123.1342,georgia medical clinic|49.2924|-123.1342,FAC-0060
834,german canadian care home,,Nursing and residential care facilities,Province of British Columbia,,2010,harrison dr,V5P2P6,vancouver,bc,2010 harrison dr vancouver bc v5p 2p6,Vancouver,5915022,59,49.2098793,-123.0651145,BC,vancouver,german canadian care home,834,True,3264,Victoria-Fraserview,Assigned by point-in-polygon,49.2099|-123.0651,german canadian care home|49.2099|-123.0651,FAC-0061
840,gladstone house ( l & t services),,Nursing and residential care facilities,Province of British Columbia,,2182,e 30 ave,V5N3A6,vancouver,bc,2182 e 30th ave vancouver bc v5n 3a6,Vancouver,5915022,59,49.2429944,-123.0635011,BC,vancouver,gladstone house l t services,840,True,3251,Kensington,Assigned by point-in-polygon,49.243|-123.0635,gladstone house l t services|49.243|-123.0635,FAC-0062
841,gladstone street group home,,Nursing and residential care facilities,Province of British Columbia,,5425,gladstone st,V5P4S1,vancouver,bc,5425 gladstone st vancouver bc v5p 4s1,Vancouver,5915022,59,49.2356384,-123.0623051,BC,vancouver,gladstone street group home,841,True,3251,Kensington,Assigned by point-in-polygon,49.2356|-123.0623,gladstone street group home|49.2356|-123.0623,FAC-0063
877,granville medical clinic,,Ambulatory health care services,Province of British Columbia,,2578,granville street,V6H3G8,vancouver,bc,2578 granville street vancouver bc v6h 3g8,Vancouver,5915022,59,49.262912,-123.138565,BC,vancouver,granville medical clinic,877,True,3213,Fairview,Assigned by point-in-polygon,49.2629|-123.1386,granville medical clinic|49.2629|-123.1386,FAC-0064
900,haro park centre,,Nursing and residential care facilities,Province of British Columbia,,1233,haro st,V6E3Y5,vancouver,bc,1233 haro st vancouver bc v6e 3y5,Vancouver,5915022,59,49.285771,-123.129,BC,vancouver,haro park centre,900,True,3212,West End,Assigned by point-in-polygon,49.2858|-123.129,haro park centre|49.2858|-123.129,FAC-0065
904,hastings sunrise medical clinic,,Ambulatory health care services,Province of British Columbia,,102-2280,east hastings street,V5L1V4,vancouver,bc,102-2280 east hastings street vancouver bc v5l 1v4,Vancouver,5915022,59,49.280892,-123.058284,BC,vancouver,hastings sunrise medical clinic,904,True,3223,Grandview-Woodland,Assigned by point-in-polygon,49.2809|-123.0583,hastings sunrise medical clinic|49.2809|-123.0583,FAC-0066
911,health and home care society of british columbia,,Nursing and residential care facilities,Province of British Columbia,,2711,e 49 ave,V5S1K3,vancouver,bc,2711 e 49th ave vancouver bc v5s 1k3,Vancouver,5915022,59,49.224896,-123.051,BC,vancouver,health and home care society of british columbia,911,True,3264,Victoria-Fraserview,Assigned by point-in-polygon,49.2249|-123.051,health and home care society of british columbia|49.2249|-123.051,FAC-0067
937,holy family hospital,,Hospitals,Province of British Columbia,,7801,argyle street,V5P3L6,vancouver,bc,7801 argyle street vancouver bc v5p 3l6,Vancouver,5915022,59,49.213284,-123.073098,BC,vancouver,holy family hospital,937,True,3264,Victoria-Fraserview,Assigned by point-in-polygon,49.2133|-123.0731,holy family hospital|49.2133|-123.0731,FAC-0068
964,jasper crescent care home,,Nursing and residential care facilities,Province of British Columbia,,7887,jasper cres,V5P3T2,vancouver,bc,7887 jasper cres vancouver bc v5p 3t2,Vancouver,5915022,59,49.212233,-123.0665302,BC,vancouver,jasper crescent care home,964,True,3264,Victoria-Fraserview,Assigned by point-in-polygon,49.2122|-123.0665,jasper crescent care home|49.2122|-123.0665,FAC-0069
972,journeys,,Nursing and residential care facilities,Province of British Columbia,,3318,e 2 ave,V5M1G5,vancouver,bc,3318 e 2nd ave vancouver bc v5m 1g5,Vancouver,5915022,59,49.2682035,-123.0330655,BC,vancouver,journeys,972,True,3232,Hastings-Sunrise,Assigned by point-in-polygon,49.2682|-123.0331,journeys|49.2682|-123.0331,FAC-0070
988,keefer medical clinic,,Ambulatory health care services,Province of British Columbia,,118,keefer street,V6A1X4,vancouver,bc,118 keefer street vancouver bc v6a 1x4,Vancouver,5915022,59,49.279292,-123.101951,BC,vancouver,keefer medical clinic,988,True,3221,Downtown Eastside,Assigned by point-in-polygon,49.2793|-123.102,keefer medical clinic|49.2793|-123.102,FAC-0071
993,kerrisdale medical clinic,,Ambulatory health care services,Province of British Columbia,,2077,west 42 avenue,V6M2B4,vancouver,bc,2077 west 42nd avenue vancouver bc v6m 2b4,Vancouver,5915022,59,49.233569,-123.154106,BC,vancouver,kerrisdale medical clinic,993,True,3241,Shaughnessy/Arbutus Ridge/Kerrisdale,Assigned by point-in-polygon,49.2336|-123.1541,kerrisdale medical clinic|49.2336|-123.1541,FAC-0072
1003,king edward house,,Nursing and residential care facilities,Province of British Columbia,,820,e king edward ave,V5V2E4,vancouver,bc,820 e king edward ave vancouver bc v5v 2e4,Vancouver,5915022,59,49.2483529,-123.0870448,BC,vancouver,king edward house,1003,True,3251,Kensington,Assigned by point-in-polygon,49.2484|-123.087,king edward house|49.2484|-123.087,FAC-0073
1025,kopernik lodge,,Nursing and residential care facilities,Province of British Columbia,,3150,rosemont dr,V5S2C9,vancouver,bc,3150 rosemont dr vancouver bc v5s 2c9,Vancouver,5915022,59,49.21522,-123.039,BC,vancouver,kopernik lodge,1025,True,3261,Killarney,Assigned by point-in-polygon,49.2152|-123.039,kopernik lodge|49.2152|-123.039,FAC-0074
1037,lakeside house,,Nursing and residential care facilities,Province of British Columbia,,3597,gladstone st,V5N4Y8,vancouver,bc,3597 gladstone st vancouver bc v5n 4y8,Vancouver,5915022,59,49.250461,-123.0604877,BC,vancouver,lakeside house,1037,True,3231,Cedar Cottage,Assigned by point-in-polygon,49.2505|-123.0605,lakeside house|49.2505|-123.0605,FAC-0075
1054,leaside place,,Nursing and residential care facilities,Province of British Columbia,,1807,e 64 ave,V5P2M9,vancouver,bc,1807 e 64th ave vancouver bc v5p 2m9,Vancouver,5915022,59,49.2121813,-123.068935,BC,vancouver,leaside place,1054,True,3264,Victoria-Fraserview,Assigned by point-in-polygon,49.2122|-123.0689,leaside place|49.2122|-123.0689,FAC-0076
1062,little mountain place,,Nursing and residential care facilities,Province of British Columbia,,330,e 36 ave,V5W3Z4,vancouver,bc,330 e 36th ave vancouver bc v5w 3z4,Vancouver,5915022,59,49.2376636,-123.0998532,BC,vancouver,little mountain place,1062,True,3253,South Cambie/Riley Park,Assigned by point-in-polygon,49.2377|-123.0999,little mountain place|49.2377|-123.0999,FAC-0077
1068,louis brier home,,Nursing and residential care facilities,Province of British Columbia,,1055,w 41 ave,V6M1W9,vancouver,bc,1055 w 41st ave vancouver bc v6m 1w9,Vancouver,5915022,59,49.23448,-123.129,BC,vancouver,louis brier home,1068,True,3241,Shaughnessy/Arbutus Ridge/Kerrisdale,Assigned by point-in-polygon,49.2345|-123.129,louis brier home|49.2345|-123.129,FAC-0078
1070,louis brier hospital,,Nursing and residential care facilities,Province of British Columbia,,1055,w 41 ave,V6M1W9,vancouver,bc,1055 w 41st ave vancouver bc v6m 1w9,Vancouver,5915022,59,49.2340705,-123.1293368,BC,vancouver,louis brier hospital,1070,True,3241,Shaughnessy/Arbutus Ridge/Kerrisdale,Assigned by point-in-polygon,49.2341|-123.1293,louis brier hospital|49.2341|-123.1293,FAC-0079
1071,loyal medical clinic,,Ambulatory health care services,Province of British Columbia,,112-1055,west georgia street,V6E3P1,vancouver,bc,112-1055 west georgia street vancouver bc v6e 3p1,Vancouver,5915022,59,49.285409,-123.12195,BC,vancouver,loyal medical clinic,1071,True,3211,Downtown Vancouver,Assigned by point-in-polygon,49.2854|-123.122,loyal medical clinic|49.2854|-123.122,FAC-0080
1093,maple medical clinic,,Ambulatory health care services,Province of British Columbia,,103-2025,west broadway,V6J1Z6,vancouver,bc,103-2025 west broadway vancouver bc v6j 1z6,Vancouver,5915022,59,49.263854,-123.151159,BC,vancouver,maple medical clinic,1093,True,3244,Kitsilano,Assigned by point-in-polygon,49.2639|-123.1512,maple medical clinic|49.2639|-123.1512,FAC-0081
1104,marine gateway medical clinic,,Ambulatory health care services,Province of British Columbia,,301-470,sw marine drive,V5X0C4,vancouver,bc,301-470 sw marine drive vancouver bc v5x 0c4,Vancouver,5915022,59,49.210379,-123.11683,BC,vancouver,marine gateway medical clinic,1104,True,3262,Oakridge/Marpole,Assigned by point-in-polygon,49.2104|-123.1168,marine gateway medical clinic|49.2104|-123.1168,FAC-0082
1113,matters of health medical clinic,,Ambulatory health care services,Province of British Columbia,,5591,west boulevard,V6M3W6,vancouver,bc,5591 west boulevard vancouver bc v6m 3w6,Vancouver,5915022,59,49.235586,-123.155556,BC,vancouver,matters of health medical clinic,1113,True,3241,Shaughnessy/Arbutus Ridge/Kerrisdale,Assigned by point-in-polygon,49.2356|-123.1556,matters of health medical clinic|49.2356|-123.1556,FAC-0083
1115,may's place,,Nursing and residential care facilities,Province of British Columbia,,333,powell st,V6A1G5,vancouver,bc,333 powell st vancouver bc v6a 1g5,Vancouver,5915022,59,49.28324,-123.097,BC,vancouver,may s place,1115,True,3221,Downtown Eastside,Assigned by point-in-polygon,49.2832|-123.097,may s place|49.2832|-123.097,FAC-0084
1132,melody house,,Nursing and residential care facilities,Province of British Columbia,,1730,macdonald st,V6K3X8,vancouver,bc,1730 macdonald st vancouver bc v6k 3x8,Vancouver,5915022,59,49.270557,-123.1681564,BC,vancouver,melody house,1132,True,3244,Kitsilano,Assigned by point-in-polygon,49.2706|-123.1682,melody house|49.2706|-123.1682,FAC-0085
1140,mid-main community health centre,,Ambulatory health care services,Province of British Columbia,,3998,main street,V5V3P2,vancouver,bc,3998 main street vancouver bc v5v 3p2,Vancouver,5915022,59,49.249493,-123.100611,BC,vancouver,mid main community health centre,1140,True,3253,South Cambie/Riley Park,Assigned by point-in-polygon,49.2495|-123.1006,mid main community health centre|49.2495|-123.1006,FAC-0086
1166,mount saint joseph hospital,,Hospitals,Province of British Columbia,,3080,prince edward street,V5T3N4,vancouver,bc,3080 prince edward street vancouver bc v5t 3n4,Vancouver,5915022,59,49.257699,-123.096358,BC,vancouver,mount saint joseph hospital,1166,True,3252,Mount Pleasant,Assigned by point-in-polygon,49.2577|-123.0964,mount saint joseph hospital|49.2577|-123.0964,FAC-0087
1169,mount st. joseph hospital - extended care unit,,Nursing and residential care facilities,Province of British Columbia,,3080,prince edward st,V5T3N4,vancouver,bc,3080 prince edward st vancouver bc v5t 3n4,Vancouver,5915022,59,49.25788,-123.095,BC,vancouver,mount st joseph hospital extended care unit,1169,True,3252,Mount Pleasant,Assigned by point-in-polygon,49.2579|-123.095,mount st joseph hospital extended care unit|49.2579|-123.095,FAC-0088
1240,onsite detox and transitional housing,,Nursing and residential care facilities,Province of British Columbia,,137,e hastings st,V6A1N5,vancouver,bc,137 e hastings st vancouver bc v6a 1n5,Vancouver,5915022,59,49.2816658,-123.1012105,BC,vancouver,onsite detox and transitional housing,1240,True,3221,Downtown Eastside,Assigned by point-in-polygon,49.2817|-123.1012,onsite detox and transitional housing|49.2817|-123.1012,FAC-0089
1258,our place,,Nursing and residential care facilities,Province of British Columbia,,287,e 33 ave,V5V2Z7,vancouver,bc,287 e 33rd ave vancouver bc v5v 2z7,Vancouver,5915022,59,49.2407212,-123.0993326,BC,vancouver,our place,1258,True,3253,South Cambie/Riley Park,Assigned by point-in-polygon,49.2407|-123.0993,our place|49.2407|-123.0993,FAC-0090
1262,pacific medical clinic,,Ambulatory health care services,Province of British Columbia,,6176,fraser street,V5W3A1,vancouver,bc,6176 fraser street vancouver bc v5w 3a1,Vancouver,5915022,59,49.2286,-123.090632,BC,vancouver,pacific medical clinic,1262,True,3263,Sunset,Assigned by point-in-polygon,49.2286|-123.0906,pacific medical clinic|49.2286|-123.0906,FAC-0091
1264,pacifica treatment centre,,Nursing and residential care facilities,Province of British Columbia,,1755,e 11 ave,V5N1Y9,vancouver,bc,1755 e 11th ave vancouver bc v5n 1y9,Vancouver,5915022,59,49.2607112,-123.0684104,BC,vancouver,pacifica treatment centre,1264,True,3231,Cedar Cottage,Assigned by point-in-polygon,49.2607|-123.0684,pacifica treatment centre|49.2607|-123.0684,FAC-0092
1308,pender house,,Nursing and residential care facilities,Province of British Columbia,,2596,e pender st,V5K2B5,vancouver,bc,2596 e pender st vancouver bc v5k 2b5,Vancouver,5915022,59,49.279942,-123.052,BC,vancouver,pender house,1308,True,3232,Hastings-Sunrise,Assigned by point-in-polygon,49.2799|-123.052,pender house|49.2799|-123.052,FAC-0093
1328,point grey medical clinic,,Ambulatory health care services,Province of British Columbia,,4448,west 10 avenue,V6R2H9,vancouver,bc,4448 west 10th avenue vancouver bc v6r 2h9,Vancouver,5915022,59,49.26383,-123.207511,BC,vancouver,point grey medical clinic,1328,True,3242,West Point Grey/Dunbar-Southlands,Assigned by point-in-polygon,49.2638|-123.2075,point grey medical clinic|49.2638|-123.2075,FAC-0094
1349,providence health care (administrative office) - st. paul's hospital,general,Hospitals,Public Health Agency of Canada,,1081,burrard st,V6Z1Y6,vancouver,bc,1081 burrard st. vancouver bc v6z 1y6,Vancouver,5915022,59,49.280516,-123.1281872,BC,vancouver,providence health care administrative office st paul s hospital,1349,True,3212,West End,Assigned by point-in-polygon,49.2805|-123.1282,providence health care administrative office st paul s hospital|49.2805|-123.1282,FAC-0095
1350,providence health care - holy family hospital,rehabilitation,Nursing and residential care facilities,Public Health Agency of Canada,,7801,argyle st,V5P3L6,vancouver,bc,7801 argyle st. vancouver bc v5p 3l6,Vancouver,5915022,59,49.212701,-123.07308,BC,vancouver,providence health care holy family hospital,1350,True,3264,Victoria-Fraserview,Assigned by point-in-polygon,49.2127|-123.0731,providence health care holy family hospital|49.2127|-123.0731,FAC-0096
1351,providence health care - mount saint joseph hospital,general,Hospitals,Public Health Agency of Canada,,3080,prince edward st,V5T3N4,vancouver,bc,3080 prince edward st. vancouver bc v5t 3n4,Vancouver,5915022,59,49.258002,-123.095299,BC,vancouver,providence health care mount saint joseph hospital,1351,True,3252,Mount Pleasant,Assigned by point-in-polygon,49.258|-123.0953,providence health care mount saint joseph hospital|49.258|-123.0953,FAC-0097
1358,qe park medical clinic,,Ambulatory health care services,Province of British Columbia,,4060,cambie street,V5Z2X8,vancouver,bc,4060 cambie street vancouver bc v5z 2x8,Vancouver,5915022,59,49.249473,-123.115216,BC,vancouver,qe park medical clinic,1358,True,3253,South Cambie/Riley Park,Assigned by point-in-polygon,49.2495|-123.1152,qe park medical clinic|49.2495|-123.1152,FAC-0098
1384,renfrew care centre,,Nursing and residential care facilities,Province of British Columbia,,1880,renfrew st,V5M3H9,vancouver,bc,1880 renfrew st vancouver bc v5m 3h9,Vancouver,5915022,59,49.26786,-123.044,BC,vancouver,renfrew care centre,1384,True,3232,Hastings-Sunrise,Assigned by point-in-polygon,49.2679|-123.044,renfrew care centre|49.2679|-123.044,FAC-0099
1385,renfrew house,,Nursing and residential care facilities,Province of British Columbia,,3402,worthington dr,V5M3X8,vancouver,bc,3402 worthington dr vancouver bc v5m 3x8,Vancouver,5915022,59,49.254322,-123.0301071,BC,vancouver,renfrew house,1385,True,3233,Renfrew-Collingwood,Assigned by point-in-polygon,49.2543|-123.0301,renfrew house|49.2543|-123.0301,FAC-0100
1433,robson medical centre,,Ambulatory health care services,Province of British Columbia,,238,robson street,V6B6A1,vancouver,bc,238 robson street vancouver bc v6b 6a1,Vancouver,5915022,59,49.278437,-123.115388,BC,vancouver,robson medical centre,1433,True,3211,Downtown Vancouver,Assigned by point-in-polygon,49.2784|-123.1154,robson medical centre|49.2784|-123.1154,FAC-0101
1446,royal arch masonic home,,Nursing and residential care facilities,Province of British Columbia,,7850,champlain cres,V5S4C7,vancouver,bc,7850 champlain cres vancouver bc v5s 4c7,Vancouver,5915022,59,49.2135328,-123.0288043,BC,vancouver,royal arch masonic home,1446,True,3261,Killarney,Assigned by point-in-polygon,49.2135|-123.0288,royal arch masonic home|49.2135|-123.0288,FAC-0102
1457,s.u.c.c.e.s.s. simon k.y. lee seniors care home,,Nursing and residential care facilities,Province of British Columbia,,555,carrall st,V6B2J8,vancouver,bc,555 carrall st vancouver bc v6b 2j8,Vancouver,5915022,59,49.27979,-123.105,BC,vancouver,s u c c e s s simon k y lee seniors care home,1457,True,3221,Downtown Eastside,Assigned by point-in-polygon,49.2798|-123.105,s u c c e s s simon k y lee seniors care home|49.2798|-123.105,FAC-0103
1466,salvation army harbour light centre,,Nursing and residential care facilities,Province of British Columbia,,119,e cordova st,V6A1K8,vancouver,bc,119 e cordova st vancouver bc v6a 1k8,Vancouver,5915022,59,49.282434,-123.101,BC,vancouver,salvation army harbour light centre,1466,True,3221,Downtown Eastside,Assigned by point-in-polygon,49.2824|-123.101,salvation army harbour light centre|49.2824|-123.101,FAC-0104
1485,seymour health centre,,Ambulatory health care services,Province of British Columbia,,1530,west 7 avenue,V6J1S3,vancouver,bc,1530 west 7th avenue vancouver bc v6j 1s3,Vancouver,5915022,59,49.26514,-123.1405,BC,vancouver,seymour health centre,1485,True,3213,Fairview,Assigned by point-in-polygon,49.2651|-123.1405,seymour health centre|49.2651|-123.1405,FAC-0105
1489,shaw place,,Nursing and residential care facilities,Province of British Columbia,,488,e 41 ave,V5W1P2,vancouver,bc,488 e 41st ave vancouver bc v5w 1p2,Vancouver,5915022,59,49.2326234,-123.0949923,BC,vancouver,shaw place,1489,True,3263,Sunset,Assigned by point-in-polygon,49.2326|-123.095,shaw place|49.2326|-123.095,FAC-0106
1513,simply wellness,,Ambulatory health care services,Province of British Columbia,,1818,kingsway,V5N2S7,vancouver,bc,1818 kingsway vancouver bc v5n 2s7,Vancouver,5915022,59,49.246217,-123.067617,BC,vancouver,simply wellness,1513,True,3251,Kensington,Assigned by point-in-polygon,49.2462|-123.0676,simply wellness|49.2462|-123.0676,FAC-0107
1514,sina pharmacy and health centre,,Ambulatory health care services,Province of British Columbia,,505,smithe street,V6B6H1,vancouver,bc,505 smithe street vancouver bc v6b 6h1,Vancouver,5915022,59,49.279476,-123.11935,BC,vancouver,sina pharmacy and health centre,1514,True,3211,Downtown Vancouver,Assigned by point-in-polygon,49.2795|-123.1194,sina pharmacy and health centre|49.2795|-123.1194,FAC-0108
1524,sophia house,,Nursing and residential care facilities,Province of British Columbia,,4824,sophia st,V5V3W6,vancouver,bc,4824 sophia st vancouver bc v5v 3w6,Vancouver,5915022,59,49.2415748,-123.0982494,BC,vancouver,sophia house,1524,True,3253,South Cambie/Riley Park,Assigned by point-in-polygon,49.2416|-123.0982,sophia house|49.2416|-123.0982,FAC-0109
1526,south granville park lodge,,Nursing and residential care facilities,Province of British Columbia,,1645,w 14 ave,V6J2J4,vancouver,bc,1645 w 14th ave vancouver bc v6j 2j4,Vancouver,5915022,59,49.259225,-123.142,BC,vancouver,south granville park lodge,1526,True,3213,Fairview,Assigned by point-in-polygon,49.2592|-123.142,south granville park lodge|49.2592|-123.142,FAC-0110
1531,south vancouver medical clinic,,Ambulatory health care services,Province of British Columbia,,350,marine drive se,V5X2S5,vancouver,bc,350 marine drive se vancouver bc v5x 2s5,Vancouver,5915022,59,49.20884,-123.0993,BC,vancouver,south vancouver medical clinic,1531,True,3263,Sunset,Assigned by point-in-polygon,49.2088|-123.0993,south vancouver medical clinic|49.2088|-123.0993,FAC-0111
1546,st. jude's anglican home,,Nursing and residential care facilities,Province of British Columbia,,810,w 27 ave,V5Z2G7,vancouver,bc,810 w 27th ave vancouver bc v5z 2g7,Vancouver,5915022,59,49.2468877,-123.1227326,BC,vancouver,st jude s anglican home,1546,True,3253,South Cambie/Riley Park,Assigned by point-in-polygon,49.2469|-123.1227,st jude s anglican home|49.2469|-123.1227,FAC-0112
1549,st. paul's hospital - burrard building,,Hospitals,Province of British Columbia,,1081,burrard street,V6Z1Y6,vancouver,bc,1081 burrard street vancouver bc v6z 1y6,Vancouver,5915022,59,49.280614,-123.128913,BC,vancouver,st paul s hospital burrard building,1549,True,3212,West End,Assigned by point-in-polygon,49.2806|-123.1289,st paul s hospital burrard building|49.2806|-123.1289,FAC-0113
1550,st. paul's hospital - providence building,,Hospitals,Province of British Columbia,,1081,burrard street,V6Z1Y6,vancouver,bc,1081 burrard street vancouver bc v6z 1y6,Vancouver,5915022,59,49.280614,-123.128913,BC,vancouver,st paul s hospital providence building,1550,True,3212,West End,Assigned by point-in-polygon,49.2806|-123.1289,st paul s hospital providence building|49.2806|-123.1289,FAC-0114
1551,st. paul's hospital - providence ii building,,Hospitals,Province of British Columbia,,1081,burrard street,V6Z1Y6,vancouver,bc,1081 burrard street vancouver bc v6z 1y6,Vancouver,5915022,59,49.280614,-123.128913,BC,vancouver,st paul s hospital providence ii building,1551,True,3212,West End,Assigned by point-in-polygon,49.2806|-123.1289,st paul s hospital providence ii building|49.2806|-123.1289,FAC-0115
1553,st. vincent's brock fahrni pavilion,,Nursing and residential care facilities,Province of British Columbia,,4650,oak st,V6H4J4,vancouver,bc,4650 oak st vancouver bc v6h 4j4,Vancouver,5915022,59,49.243305,-123.123212,BC,vancouver,st vincent s brock fahrni pavilion,1553,True,3253,South Cambie/Riley Park,Assigned by point-in-polygon,49.2433|-123.1232,st vincent s brock fahrni pavilion|49.2433|-123.1232,FAC-0116
1554,st. vincent's langara,,Nursing and residential care facilities,Province of British Columbia,,255,w 62 ave,V5X2E2,vancouver,bc,255 w 62nd ave vancouver bc v5x 2e2,Vancouver,5915022,59,49.214793,-123.1112858,BC,vancouver,st vincent s langara,1554,True,3262,Oakridge/Marpole,Assigned by point-in-polygon,49.2148|-123.1113,st vincent s langara|49.2148|-123.1113,FAC-0117
1558,starburst home care,,Nursing and residential care facilities,Province of British Columbia,,665,e 27 ave,V5V2K7,vancouver,bc,665 e 27th ave vancouver bc v5v 2k7,Vancouver,5915022,59,49.2468922,-123.0909955,BC,vancouver,starburst home care,1558,True,3253,South Cambie/Riley Park,Assigned by point-in-polygon,49.2469|-123.091,starburst home care|49.2469|-123.091,FAC-0118
1573,sunny hill health centre for children,rehabilitation,Nursing and residential care facilities,Public Health Agency of Canada,,3644,slocan st,V5M3E8,vancouver,bc,3644 slocan st. vancouver bc v5m 3e8,Vancouver,5915022,59,49.2519743,-123.0482504,BC,vancouver,sunny hill health centre for children,1573,True,3233,Renfrew-Collingwood,Assigned by point-in-polygon,49.252|-123.0483,sunny hill health centre for children|49.252|-123.0483,FAC-0119
1577,sunrise of vancouver,,Nursing and residential care facilities,Province of British Columbia,,999,w 57 ave,V6P6Y9,vancouver,bc,999 w 57th ave vancouver bc v6p 6y9,Vancouver,5915022,59,49.2195762,-123.1278011,BC,vancouver,sunrise of vancouver,1577,True,3262,Oakridge/Marpole,Assigned by point-in-polygon,49.2196|-123.1278,sunrise of vancouver|49.2196|-123.1278,FAC-0120
1591,tanner house,,Nursing and residential care facilities,Province of British Columbia,,3402,e 29 ave,V5R1W7,vancouver,bc,3402 e 29th ave vancouver bc v5r 1w7,Vancouver,5915022,59,49.2442213,-123.0313165,BC,vancouver,tanner house,1591,True,3233,Renfrew-Collingwood,Assigned by point-in-polygon,49.2442|-123.0313,tanner house|49.2442|-123.0313,FAC-0121
1613,the doctors' office,,Ambulatory health care services,Province of British Columbia,,101-777,west broadway,V5Z4J7,vancouver,bc,101-777 west broadway vancouver bc v5z 4j7,Vancouver,5915022,59,49.263577,-123.121538,BC,vancouver,the doctors office,1613,True,3213,Fairview,Assigned by point-in-polygon,49.2636|-123.1215,the doctors office|49.2636|-123.1215,FAC-0122
1650,three links care centre,,Nursing and residential care facilities,Province of British Columbia,,2934,e 22 ave,V5M2Y4,vancouver,bc,2934 e 22nd ave vancouver bc v5m 2y4,Vancouver,5915022,59,49.2503144,-123.0429307,BC,vancouver,three links care centre,1650,True,3233,Renfrew-Collingwood,Assigned by point-in-polygon,49.2503|-123.0429,three links care centre|49.2503|-123.0429,FAC-0123
1652,tilikum house,,Nursing and residential care facilities,Province of British Columbia,,3126,grandview hwy,V5M2E8,vancouver,bc,3126 grandview hwy vancouver bc v5m 2e8,Vancouver,5915022,59,49.2578371,-123.0383714,BC,vancouver,tilikum house,1652,True,3233,Renfrew-Collingwood,Assigned by point-in-polygon,49.2578|-123.0384,tilikum house|49.2578|-123.0384,FAC-0124
1657,together we can,,Nursing and residential care facilities,Province of British Columbia,,2831,kingsway,V5R5H9,vancouver,bc,2831 kingsway vancouver bc v5r 5h9,Vancouver,5915022,59,49.236999,-123.047,BC,vancouver,together we can,1657,True,3233,Renfrew-Collingwood,Assigned by point-in-polygon,49.237|-123.047,together we can|49.237|-123.047,FAC-0125
1676,turning point recovery society - vancouver,,Nursing and residential care facilities,Province of British Columbia,,445/455,w 13 ave,V5Y1W4,vancouver,bc,445/455 w 13th ave vancouver bc v5y 1w4,Vancouver,5915022,59,49.2596944,-123.1138887,BC,vancouver,turning point recovery society vancouver,1676,True,3252,Mount Pleasant,Assigned by point-in-polygon,49.2597|-123.1139,turning point recovery society vancouver|49.2597|-123.1139,FAC-0126
1691,ultima medical services,,Ambulatory health care services,Province of British Columbia,,1055,dunsmuir street,V7X1L4,vancouver,bc,1055 dunsmuir street vancouver bc v7x 1l4,Vancouver,5915022,59,49.2864911,-123.1213,BC,vancouver,ultima medical services,1691,True,3211,Downtown Vancouver,Assigned by point-in-polygon,49.2865|-123.1213,ultima medical services|49.2865|-123.1213,FAC-0127
1692,una medical clinic,,Ambulatory health care services,Province of British Columbia,,1027,west 15 avenue,V6H1R7,vancouver,bc,1027 west 15th avenue vancouver bc v6h 1r7,Vancouver,5915022,59,49.257857,-123.127501,BC,vancouver,una medical clinic,1692,True,3213,Fairview,Assigned by point-in-polygon,49.2579|-123.1275,una medical clinic|49.2579|-123.1275,FAC-0128
1705,vancouver detoxification centre,,Nursing and residential care facilities,Province of British Columbia,,377,e 2 ave,V5T1B9,vancouver,bc,377 e 2nd ave vancouver bc v5t 1b9,Vancouver,5915022,59,49.267258,-123.097,BC,vancouver,vancouver detoxification centre,1705,True,3252,Mount Pleasant,Assigned by point-in-polygon,49.2673|-123.097,vancouver detoxification centre|49.2673|-123.097,FAC-0129
1706,vancouver general hospital,general,Hospitals,Public Health Agency of Canada,,855,w 12 ave,V5Z1M9,vancouver,bc,855 w. 12th ave. vancouver bc v5z 1m9,Vancouver,5915022,59,49.261616,-123.1239113,BC,vancouver,vancouver general hospital,1706,True,3213,Fairview,Assigned by point-in-polygon,49.2616|-123.1239,vancouver general hospital|49.2616|-123.1239,FAC-0135
1707,vancouver general hospital - banfield pavilion,,Hospitals,Province of British Columbia,,2785,ash street,V5Z1M9,vancouver,bc,2785 ash street vancouver bc v5z 1m9,Vancouver,5915022,59,49.261231,-123.118806,BC,vancouver,vancouver general hospital banfield pavilion,1707,True,3213,Fairview,Assigned by point-in-polygon,49.2612|-123.1188,vancouver general hospital banfield pavilion|49.2612|-123.1188,FAC-0130
1708,vancouver general hospital - gordon and leslie diamond health care centre,,Hospitals,Province of British Columbia,,2775,laurel street,V5Z1M9,vancouver,bc,2775 laurel street vancouver bc v5z 1m9,Vancouver,5915022,59,49.261187,-123.125655,BC,vancouver,vancouver general hospital gordon and leslie diamond health care centre,1708,True,3213,Fairview,Assigned by point-in-polygon,49.2612|-123.1257,vancouver general hospital gordon and leslie diamond health care centre|49.2612|-123.1257,FAC-0131
1709,vancouver general hospital - health centre,,Hospitals,Province of British Columbia,,715,west 12 avenue,V5Z1N1,vancouver,bc,715 west 12th avenue vancouver bc v5z 1n1,Vancouver,5915022,59,49.26052,-123.120849,BC,vancouver,vancouver general hospital health centre,1709,True,3213,Fairview,Assigned by point-in-polygon,49.2605|-123.1208,vancouver general hospital health centre|49.2605|-123.1208,FAC-0132
1710,vancouver general hospital - jim pattison pavilion,,Hospitals,Province of British Columbia,,899,west 12 avenue,V5Z1M9,vancouver,bc,899 west 12th avenue vancouver bc v5z 1m9,Vancouver,5915022,59,49.260558,-123.124094,BC,vancouver,vancouver general hospital jim pattison pavilion,1710,True,3213,Fairview,Assigned by point-in-polygon,49.2606|-123.1241,vancouver general hospital jim pattison pavilion|49.2606|-123.1241,FAC-0133
1712,vancouver general hospital - willow pavilion,,Hospitals,Province of British Columbia,,805,west 12 avenue,V5Z1M9,vancouver,bc,805 west 12th avenue vancouver bc v5z 1m9,Vancouver,5915022,59,49.26051,-123.122,BC,vancouver,vancouver general hospital willow pavilion,1712,True,3213,Fairview,Assigned by point-in-polygon,49.2605|-123.122,vancouver general hospital willow pavilion|49.2605|-123.122,FAC-0134
1715,vancouver hospice,,Nursing and residential care facilities,Province of British Columbia,,4615,granville st,V6H3M1,vancouver,bc,4615 granville st vancouver bc v6h 3m1,Vancouver,5915022,59,49.24427,-123.14,BC,vancouver,vancouver hospice,1715,True,3241,Shaughnessy/Arbutus Ridge/Kerrisdale,Assigned by point-in-polygon,49.2443|-123.14,vancouver hospice|49.2443|-123.14,FAC-0136
1722,venture,,Nursing and residential care facilities,Province of British Columbia,,220,e 13 ave,V5T2K4,vancouver,bc,220 e 13th ave vancouver bc v5t 2k4,Vancouver,5915022,59,49.2590505,-123.1002884,BC,vancouver,venture,1722,True,3252,Mount Pleasant,Assigned by point-in-polygon,49.2591|-123.1003,venture|49.2591|-123.1003,FAC-0137
1734,victory house,,Nursing and residential care facilities,Province of British Columbia,,353,e cordova st,V6A1L4,vancouver,bc,353 e cordova st vancouver bc v6a 1l4,Vancouver,5915022,59,49.2824813,-123.096363,BC,vancouver,victory house,1734,True,3221,Downtown Eastside,Assigned by point-in-polygon,49.2825|-123.0964,victory house|49.2825|-123.0964,FAC-0138
1736,villa carital,,Nursing and residential care facilities,Province of British Columbia,,3050,penticton st,V5M4W2,vancouver,bc,3050 penticton st vancouver bc v5m 4w2,Vancouver,5915022,59,49.2565839,-123.0521465,BC,vancouver,villa carital,1736,True,3233,Renfrew-Collingwood,Assigned by point-in-polygon,49.2566|-123.0521,villa carital|49.2566|-123.0521,FAC-0139
1737,villa cathay care home,,Nursing and residential care facilities,Province of British Columbia,,970,union st,V6A3V1,vancouver,bc,970 union st vancouver bc v6a 3v1,Vancouver,5915022,59,49.277208,-123.084,BC,vancouver,villa cathay care home,1737,True,3221,Downtown Eastside,Assigned by point-in-polygon,49.2772|-123.084,villa cathay care home|49.2772|-123.084,FAC-0140
1740,virginia house,,Nursing and residential care facilities,Province of British Columbia,,1754,w 11 ave,V6J2C3,vancouver,bc,1754 w 11th ave vancouver bc v6j 2c3,Vancouver,5915022,59,49.2615516,-123.1447641,BC,vancouver,virginia house,1740,True,3213,Fairview,Assigned by point-in-polygon,49.2616|-123.1448,virginia house|49.2616|-123.1448,FAC-0141
1741,vista,,Nursing and residential care facilities,Province of British Columbia,,3360,fleming st,V5N3V5,vancouver,bc,3360 fleming st vancouver bc v5n 3v5,Vancouver,5915022,59,49.254868,-123.071,BC,vancouver,vista,1741,True,3231,Cedar Cottage,Assigned by point-in-polygon,49.2549|-123.071,vista|49.2549|-123.071,FAC-0142
1753,waterloo rest home ltd,,Nursing and residential care facilities,Province of British Columbia,,1835,waterloo st,V6R3G5,vancouver,bc,1835 waterloo st vancouver bc v6r 3g5,Vancouver,5915022,59,49.2697648,-123.1799944,BC,vancouver,waterloo rest home ltd,1753,True,3244,Kitsilano,Assigned by point-in-polygon,49.2698|-123.18,waterloo rest home ltd|49.2698|-123.18,FAC-0143
1754,wave medical clinic,,Ambulatory health care services,Province of British Columbia,,201-1160,burrard street,V6Z2E8,vancouver,bc,201-1160 burrard street vancouver bc v6z 2e8,Vancouver,5915022,59,49.279513,-123.12848,BC,vancouver,wave medical clinic,1754,True,3211,Downtown Vancouver,Assigned by point-in-polygon,49.2795|-123.1285,wave medical clinic|49.2795|-123.1285,FAC-0144
1761,west 63rd home,,Nursing and residential care facilities,Province of British Columbia,,369,w 63 ave,V5X2J1,vancouver,bc,369 w 63rd ave vancouver bc v5x 2j1,Vancouver,5915022,59,49.2134497,-123.1139356,BC,vancouver,west 63rd home,1761,True,3262,Oakridge/Marpole,Assigned by point-in-polygon,49.2134|-123.1139,west 63rd home|49.2134|-123.1139,FAC-0145
1803,windermere care centre,,Nursing and residential care facilities,Province of British Columbia,,900,w 12 ave,V5Z1N3,vancouver,bc,900 w 12th ave vancouver bc v5z 1n3,Vancouver,5915022,59,49.260325,-123.125,BC,vancouver,windermere care centre,1803,True,3213,Fairview,Assigned by point-in-polygon,49.2603|-123.125,windermere care centre|49.2603|-123.125,FAC-0146
1806,winston manor,,Nursing and residential care facilities,Province of British Columbia,,2805,w 7 ave,V6K1Z5,vancouver,bc,2805 w 7th ave vancouver bc v6k 1z5,Vancouver,5915022,59,49.2660448,-123.1686393,BC,vancouver,winston manor,1806,True,3244,Kitsilano,Assigned by point-in-polygon,49.266|-123.1686,winston manor|49.266|-123.1686,FAC-0147
1810,woodvan,,Nursing and residential care facilities,Province of British Columbia,,1384,e 61 ave,V5X2C7,vancouver,bc,1384 e 61st ave vancouver bc v5x 2c7,Vancouver,5915022,59,49.214385,-123.0777711,BC,vancouver,woodvan,1810,True,3263,Sunset,Assigned by point-in-polygon,49.2144|-123.0778,woodvan|49.2144|-123.0778,FAC-0148
1815,yaletown house,,Nursing and residential care facilities,Province of British Columbia,,1099,cambie st,V6B5A8,vancouver,bc,1099 cambie st vancouver bc v6b 5a8,Vancouver,5915022,59,49.275272,-123.119,BC,vancouver,yaletown house,1815,True,3211,Downtown Vancouver,Assigned by point-in-polygon,49.2753|-123.119,yaletown house|49.2753|-123.119,FAC-0149
1817,yaletown medical clinic,,Ambulatory health care services,Province of British Columbia,,1296,pacific boulevard,V6Z2V1,vancouver,bc,1296 pacific boulevard vancouver bc v6z 2v1,Vancouver,5915022,59,49.273447,-123.12342,BC,vancouver,yaletown medical clinic,1817,True,3211,Downtown Vancouver,Assigned by point-in-polygon,49.2734|-123.1234,yaletown medical clinic|49.2734|-123.1234,FAC-0150
1819,yew residence,,Nursing and residential care facilities,Province of British Columbia,,6191,yew st,V6M3Z1,vancouver,bc,6191 yew st vancouver bc v6m 3z1,Vancouver,5915022,59,49.2300254,-123.1590853,BC,vancouver,yew residence,1819,True,3241,Shaughnessy/Arbutus Ridge/Kerrisdale,Assigned by point-in-polygon,49.23|-123.1591,yew residence|49.23|-123.1591,FAC-0151
1820,youville residence,,Nursing and residential care facilities,Province of British Columbia,,4950,heather st,V5Z3L9,vancouver,bc,4950 heather st vancouver bc v5z 3l9,Vancouver,5915022,59,49.24058,-123.12,BC,vancouver,youville residence,1820,True,3253,South Cambie/Riley Park,Assigned by point-in-polygon,49.2406|-123.12,youville residence|49.2406|-123.12,FAC-0152
1822,yyoung medical clinic and pharmacy,,Ambulatory health care services,Province of British Columbia,,1721,main street,V5T3B5,vancouver,bc,1721 main street vancouver bc v5t 3b5,Vancouver,5915022,59,49.269917,-123.100793,BC,vancouver,yyoung medical clinic and pharmacy,1822,True,3252,Mount Pleasant,Assigned by point-in-polygon,49.2699|-123.1008,yyoung medical clinic and pharmacy|49.2699|-123.1008,FAC-0153
